"Source:","C:\Users\Daniel bilodeau\OneDrive\Documents\Projects\Fume_extractor\Ki_PCB\Ki_PCB.kicad_sch"
"Date:","2022-11-24 8:00:17 PM"
"Tool:","Eeschema (6.0.5)"
"Generator:","D:\Software\kicad\6.0\bin\scripting\plugins/bom_csv_grouped_by_value.py"
"Component Count:","67"

"Individual Components:"

"Item","Qty","Reference(s)","Value","LibPart","Footprint","Datasheet","Digikey link","Part number","Spice_Model","Spice_Netlist_Enabled","Spice_Primitive"
"","","C1","1uF","Device:C","Capacitor_SMD:C_0805_2012Metric_Pad1.18x1.45mm_HandSolder","https://media.digikey.com/pdf/Data%20Sheets/Samsung%20PDFs/CL21B105KAFNNNE_Spec.pdf","https://www.digikey.ca/en/products/detail/samsung-electro-mechanics/CL21B105KAFNNNE/3886724","CL21B105KAFNNNE","","",""
"","","C2","4.7uF","Device:C","Capacitor_SMD:C_0805_2012Metric_Pad1.18x1.45mm_HandSolder","https://media.digikey.com/pdf/Data%20Sheets/Samsung%20PDFs/CL21A475KAQNNNG_DS.pdf","https://www.digikey.ca/en/products/detail/samsung-electro-mechanics/CL21A475KAQNNNG/3894439","CL21A475KAQNNNG","","",""
"","","C3","1nF","Device:C","Capacitor_SMD:C_0805_2012Metric_Pad1.18x1.45mm_HandSolder","https://datasheets.kyocera-avx.com/X7RDielectric.pdf","https://www.digikey.ca/en/products/detail/kyocera-avx/08055C102KAT2A/563481","08055C102KAT2A","","",""
"","","C4","100nF","Device:C","Capacitor_SMD:C_0805_2012Metric_Pad1.18x1.45mm_HandSolder","https://www.seielect.com/Catalog/SEI-CML.PDF","https://www.digikey.ca/en/products/detail/stackpole-electronics-inc/CML0805Y5V104ZT50V/10660028","CML0805Y5V104ZT50V","","",""
"","","C5","100nF","Device:C","Capacitor_SMD:C_0805_2012Metric_Pad1.18x1.45mm_HandSolder","https://www.seielect.com/Catalog/SEI-CML.PDF","https://www.digikey.ca/en/products/detail/stackpole-electronics-inc/CML0805Y5V104ZT50V/10660028","CML0805Y5V104ZT50V","","",""
"","","C6","10uF","Device:C_Polarized_Small_US","Capacitor_SMD:C_0805_2012Metric_Pad1.18x1.45mm_HandSolder","https://search.murata.co.jp/Ceramy/image/img/A01X/G101/ENG/GRM21BR61H106KE43-01A.pdf","https://www.digikey.ca/en/products/detail/murata-electronics/GRM21BR61H106KE43K/15191954","GRM21BR61H106KE43K","","",""
"","","C7","100nF","Device:C","Capacitor_SMD:C_0805_2012Metric_Pad1.18x1.45mm_HandSolder","https://www.seielect.com/Catalog/SEI-CML.PDF","https://www.digikey.ca/en/products/detail/stackpole-electronics-inc/CML0805Y5V104ZT50V/10660028","CML0805Y5V104ZT50V","","",""
"","","C8","100nF","Device:C","Capacitor_SMD:C_0805_2012Metric_Pad1.18x1.45mm_HandSolder","https://www.seielect.com/Catalog/SEI-CML.PDF","https://www.digikey.ca/en/products/detail/stackpole-electronics-inc/CML0805Y5V104ZT50V/10660028","CML0805Y5V104ZT50V","","",""
"","","C9","100nF","Device:C","Capacitor_SMD:C_0805_2012Metric_Pad1.18x1.45mm_HandSolder","https://www.seielect.com/Catalog/SEI-CML.PDF","https://www.digikey.ca/en/products/detail/stackpole-electronics-inc/CML0805Y5V104ZT50V/10660028","CML0805Y5V104ZT50V","","",""
"","","C10","100nF","Device:C","Capacitor_SMD:C_0805_2012Metric_Pad1.18x1.45mm_HandSolder","https://www.seielect.com/Catalog/SEI-CML.PDF","https://www.digikey.ca/en/products/detail/stackpole-electronics-inc/CML0805Y5V104ZT50V/10660028","CML0805Y5V104ZT50V","","",""
"","","C11","100nF","Device:C","Capacitor_SMD:C_0805_2012Metric_Pad1.18x1.45mm_HandSolder","https://www.seielect.com/Catalog/SEI-CML.PDF","https://www.digikey.ca/en/products/detail/stackpole-electronics-inc/CML0805Y5V104ZT50V/10660028","CML0805Y5V104ZT50V","","",""
"","","C12","330nF","Device:C","Capacitor_SMD:C_0805_2012Metric_Pad1.18x1.45mm_HandSolder","https://www.we-online.com/katalog/datasheet/885012207101.pdf","https://www.digikey.ca/en/products/detail/w%C3%BCrth-elektronik/885012207101/5453531","885012207101","","",""
"","","C13","100nF","Device:C","Capacitor_SMD:C_0805_2012Metric_Pad1.18x1.45mm_HandSolder","https://www.seielect.com/Catalog/SEI-CML.PDF","https://www.digikey.ca/en/products/detail/stackpole-electronics-inc/CML0805Y5V104ZT50V/10660028","CML0805Y5V104ZT50V","","",""
"","","C14","100nF","Device:C","Capacitor_SMD:C_0805_2012Metric_Pad1.18x1.45mm_HandSolder","https://www.seielect.com/Catalog/SEI-CML.PDF","https://www.digikey.ca/en/products/detail/stackpole-electronics-inc/CML0805Y5V104ZT50V/10660028","CML0805Y5V104ZT50V","","",""
"","","C15","100nF","Device:C","Capacitor_SMD:C_0805_2012Metric_Pad1.18x1.45mm_HandSolder","https://www.seielect.com/Catalog/SEI-CML.PDF","https://www.digikey.ca/en/products/detail/stackpole-electronics-inc/CML0805Y5V104ZT50V/10660028","CML0805Y5V104ZT50V","","",""
"","","C16","1uF","Device:C","Capacitor_SMD:C_0805_2012Metric_Pad1.18x1.45mm_HandSolder","~","","","","",""
"","","C17","15nF","Device:C","Capacitor_SMD:C_0805_2012Metric_Pad1.18x1.45mm_HandSolder","https://www.we-online.com/katalog/datasheet/885012207123.pdf","https://www.digikey.ca/en/products/detail/w%C3%BCrth-elektronik/885012207123/9346001","885012207123","","",""
"","","C18","120pF","Device:C","Capacitor_SMD:C_0805_2012Metric_Pad1.18x1.45mm_HandSolder","~","","","","",""
"","","C19","10nF","Device:C","Capacitor_SMD:C_0805_2012Metric_Pad1.18x1.45mm_HandSolder","~","","","","",""
"","","C20","180uF","Device:C_Polarized_Small_US","Capacitor_THT:CP_Radial_D8.0mm_P3.50mm","~","","","","",""
"","","D1","Green","Device:LED","LED_THT:LED_D3.0mm","~","","","","",""
"","","D3","RB520S30T5G","Diode:1N4001","Diode_SMD:D_SOD-523","https://www.onsemi.com/pdf/datasheet/rb520s30t1-d.pdf","https://www.digikey.ca/en/products/detail/onsemi/RB520S30T5G/2797277","RB520S30T5G","RB520S30T5G","Y","D"
"","","D4","RB520S30T5G","Diode:1N4001","Diode_SMD:D_SOD-523","https://www.onsemi.com/pdf/datasheet/rb520s30t1-d.pdf","https://www.digikey.ca/en/products/detail/onsemi/RB520S30T5G/2797277","RB520S30T5G","","",""
"","","D5","Yellow","LED:CQY99","LED_THT:LED_D3.0mm","https://www.prtice.info/IMG/pdf/CQY99.pdf","","","","",""
"","","D6","CRS05(TE85L,Q,M)","Device:D_Schottky","Diode_SMD:CRS05(TE85L,Q,M)","https://toshiba.semicon-storage.com/info/CRS05_datasheet_en_20190401.pdf?did=3163&prodName=CRS05","https://www.digikey.ca/en/products/detail/toshiba-semiconductor-and-storage/CRS05-TE85L-Q-M/871558","CRS05(TE85L,Q,M)","","",""
"","","J1","0039301020","Connector_Generic:Conn_01x02","Connector_Molex:Molex_Mini-Fit_Jr_5569-02A2_2x01_P4.20mm_Horizontal","https://www.molex.com/pdm_docs/ps/PS-5556-001.pdf","https://www.digikey.ca/en/products/detail/molex/0039301020/561078?s=N4IgTCBcDaIMwE44AYCMyzJAXQL5A","0039301020","","",""
"","","J2","B3B-XH-AM(LF)(SN)","Connector_Generic:Conn_01x03","Connector_JST:JST_EH_B3B-EH-A_1x03_P2.50mm_Vertical","https://www.jst-mfg.com/product/pdf/eng/eXH.pdf","https://www.digikey.ca/en/products/detail/jst-sales-america-inc/B3B-XH-AM-LF-SN/1651029","B3B-XH-AM(LF)(SN)","","",""
"","","J3","0039301020","Connector_Generic:Conn_01x02","Connector_Molex:Molex_Mini-Fit_Jr_5569-02A2_2x01_P4.20mm_Horizontal","https://www.molex.com/pdm_docs/ps/PS-5556-001.pdf","https://www.digikey.ca/en/products/detail/molex/0039301020/561078?s=N4IgTCBcDaIMwE44AYCMyzJAXQL5A","0039301020","","",""
"","","J4","0470531000","Connector_Generic:Conn_01x04","Connector:FanPinHeader_1x04_P2.54mm_Vertical","https://www.molex.com/pdm_docs/sd/470531000_sd.pdf","https://www.digikey.ca/en/products/detail/molex/0470531000/2421261?s=N4IgTCBcDaIAwBYDscCsBmAjHHIC6AvkA","","","",""
"","","J5","4pin JST","Connector_Generic:Conn_01x04","Connector_JST:JST_EH_B4B-EH-A_1x04_P2.50mm_Vertical","~","","","","",""
"","","J6","0039301020","Connector_Generic:Conn_01x02","Connector_Molex:Molex_Mini-Fit_Jr_5569-02A2_2x01_P4.20mm_Horizontal","https://www.molex.com/pdm_docs/ps/PS-5556-001.pdf","https://www.digikey.ca/en/products/detail/molex/0039301020/561078?s=N4IgTCBcDaIMwE44AYCMyzJAXQL5A","0039301020","","",""
"","","L1","100uH","pspice:INDUCTOR","Inductor_SMD:74404063101","https://www.we-online.com/katalog/datasheet/74404063101.pdf","https://www.digikey.ca/en/products/detail/w%C3%BCrth-elektronik/74404063101/4865679?s=N4IgTCBcDaIOwBYEAYUDYDMBGZWQF0BfIA","74404063101","","",""
"","","Q1","SI2301-TP","Transistor_FET:SI2301-TP","Package_TO_SOT_SMD:SOT-323_SC-70","https://www.mccsemi.com/pdf/Products/SI2301(SOT-23).pdf","https://www.digikey.ca/en/products/detail/micro-commercial-co/SI2301-TP/1793242","SI2301-TP","","",""
"","","Q2","SI2102A-TP","Transistor_FET:SI2102A-TP","Package_TO_SOT_SMD:SOT-323_SC-70","https://www.mccsemi.com/pdf/Products/SI2102A(SOT-323).pdf","https://www.digikey.ca/en/products/detail/micro-commercial-co/SI2102A-TP/15277502?s=N4IgTCBcDaIMoEkwEYAMYCCBaAKgBRAF0BfIA","SI2102A-TP","","",""
"","","Q3","SI2102A-TP","Transistor_FET:SI2102A-TP","Package_TO_SOT_SMD:SOT-323_SC-70","https://www.mccsemi.com/pdf/Products/SI2102A(SOT-323).pdf","https://www.digikey.ca/en/products/detail/micro-commercial-co/SI2102A-TP/15277502?s=N4IgTCBcDaIMoEkwEYAMYCCBaAKgBRAF0BfIA","SI2102A-TP","","",""
"","","Q4","SI2102A-TP","Transistor_FET:SI2102A-TP","Package_TO_SOT_SMD:SOT-323_SC-70","https://www.mccsemi.com/pdf/Products/SI2102A(SOT-323).pdf","https://www.digikey.ca/en/products/detail/micro-commercial-co/SI2102A-TP/15277502?s=N4IgTCBcDaIMoEkwEYAMYCCBaAKgBRAF0BfIA","SI2102A-TP","","",""
"","","Q5","SI2102A-TP","Transistor_FET:SI2102A-TP","Package_TO_SOT_SMD:SOT-323_SC-70","https://www.mccsemi.com/pdf/Products/SI2102A(SOT-323).pdf","https://www.digikey.ca/en/products/detail/micro-commercial-co/SI2102A-TP/15277502?s=N4IgTCBcDaIMoEkwEYAMYCCBaAKgBRAF0BfIA","SI2102A-TP","","",""
"","","Q6","SI2102A-TP","Transistor_FET:SI2102A-TP","Package_TO_SOT_SMD:SOT-323_SC-70","https://www.mccsemi.com/pdf/Products/SI2102A(SOT-323).pdf","https://www.digikey.ca/en/products/detail/micro-commercial-co/SI2102A-TP/15277502?s=N4IgTCBcDaIMoEkwEYAMYCCBaAKgBRAF0BfIA","SI2102A-TP","","",""
"","","Q7","SI2102A-TP","Transistor_FET:SI2102A-TP","Package_TO_SOT_SMD:SOT-323_SC-70","https://www.mccsemi.com/pdf/Products/SI2102A(SOT-323).pdf","https://www.digikey.ca/en/products/detail/micro-commercial-co/SI2102A-TP/15277502?s=N4IgTCBcDaIMoEkwEYAMYCCBaAKgBRAF0BfIA","SI2102A-TP","","",""
"","","R1","510","Device:R_US","Resistor_SMD:R_0805_2012Metric_Pad1.20x1.40mm_HandSolder","~","","","","",""
"","","R2","10K","Device:R_US","Resistor_SMD:R_0805_2012Metric_Pad1.20x1.40mm_HandSolder","https://www.seielect.com/catalog/sei-rncp.pdf","https://www.digikey.ca/en/products/detail/stackpole-electronics-inc/RNCP0805FTD10K0/2240262","RNCP0805FTD10K0","","",""
"","","R3","0R110","Device:R_US","Resistor_SMD:R_0805_2012Metric_Pad1.20x1.40mm_HandSolder","https://industrial.panasonic.com/cdbs/www-data/pdf/RDN0000/AOA0000C313.pdf","https://www.digikey.ca/en/products/detail/panasonic-electronic-components/ERJ-6BSFR11V/5647600","ERJ-6BSFR11V","","",""
"","","R4","330","Device:R_US","Resistor_SMD:R_0805_2012Metric_Pad1.20x1.40mm_HandSolder","https://www.seielect.com/catalog/sei-rmcf_rmcp.pdf","https://www.digikey.ca/en/products/detail/stackpole-electronics-inc/RMCF0805FT330R/1760484","RMCF0805FT330R","","",""
"","","R5","330","Device:R_US","Resistor_SMD:R_0805_2012Metric_Pad1.20x1.40mm_HandSolder","https://www.seielect.com/catalog/sei-rmcf_rmcp.pdf","https://www.digikey.ca/en/products/detail/stackpole-electronics-inc/RMCF0805FT330R/1760484","RMCF0805FT330R","","",""
"","","R6","261","Device:R_US","Resistor_SMD:R_0805_2012Metric_Pad1.20x1.40mm_HandSolder","https://www.seielect.com/catalog/sei-rmcf_rmcp.pdf","https://www.digikey.ca/en/products/detail/stackpole-electronics-inc/RMCF0805FG261R/1712914","RMCF0805FG261R","","",""
"","","R7","261","Device:R_US","Resistor_SMD:R_0805_2012Metric_Pad1.20x1.40mm_HandSolder","https://www.seielect.com/catalog/sei-rmcf_rmcp.pdf","https://www.digikey.ca/en/products/detail/stackpole-electronics-inc/RMCF0805FG261R/1712914","RMCF0805FG261R","","",""
"","","R8","442","Device:R_US","Resistor_SMD:R_0805_2012Metric_Pad1.20x1.40mm_HandSolder","https://www.seielect.com/catalog/sei-rmcf_rmcp.pdf","https://www.digikey.ca/en/products/detail/stackpole-electronics-inc/RMCF0805FT442R/1760521","RMCF0805FT442R","","",""
"","","R9","2K7","Device:R_US","Resistor_SMD:R_0805_2012Metric_Pad1.20x1.40mm_HandSolder","https://www.seielect.com/catalog/sei-rmcf_rmcp.pdf","https://www.digikey.ca/en/products/detail/stackpole-electronics-inc/RMCF0805FT2K70/1760308","RMCF0805FT2K70","","",""
"","","R10","2K7","Device:R_US","Resistor_SMD:R_0805_2012Metric_Pad1.20x1.40mm_HandSolder","https://www.seielect.com/catalog/sei-rmcf_rmcp.pdf","https://www.digikey.ca/en/products/detail/stackpole-electronics-inc/RMCF0805FT2K70/1760308","RMCF0805FT2K70","","",""
"","","R11","100","Device:R_US","Resistor_SMD:R_0805_2012Metric_Pad1.20x1.40mm_HandSolder","https://www.seielect.com/catalog/sei-rmcf_rmcp.pdf","https://www.digikey.ca/en/products/detail/stackpole-electronics-inc/RMCF0805FT100R/1760711","RMCF0805FT100R","","",""
"","","R12","113K","Device:R_US","Resistor_SMD:R_0805_2012Metric_Pad1.20x1.40mm_HandSolder","https://www.seielect.com/catalog/sei-rmcf_rmcp.pdf","https://www.digikey.ca/en/products/detail/stackpole-electronics-inc/RMCF0201FT113K/5965944","RMCF0201FT113K","","",""
"","","R13","100K","Device:R_US","Resistor_SMD:R_0805_2012Metric_Pad1.20x1.40mm_HandSolder","~","","","","",""
"","","R14","12K","Device:R_US","Resistor_SMD:R_0805_2012Metric_Pad1.20x1.40mm_HandSolder","~","","","","",""
"","","R15","10K","Device:R_US","Resistor_SMD:R_0805_2012Metric_Pad1.20x1.40mm_HandSolder","https://www.seielect.com/catalog/sei-rncp.pdf","https://www.digikey.ca/en/products/detail/stackpole-electronics-inc/RNCP0805FTD10K0/2240262","RNCP0805FTD10K0","","",""
"","","R16","10K","Device:R_US","Resistor_SMD:R_0805_2012Metric_Pad1.20x1.40mm_HandSolder","https://www.seielect.com/catalog/sei-rncp.pdf","https://www.digikey.ca/en/products/detail/stackpole-electronics-inc/RNCP0805FTD10K0/2240262","RNCP0805FTD10K0","","",""
"","","R17","27K","Device:R_US","Resistor_SMD:R_0805_2012Metric_Pad1.20x1.40mm_HandSolder","~","","","","",""
"","","R18","2K7","Device:R_US","Resistor_SMD:R_0805_2012Metric_Pad1.20x1.40mm_HandSolder","https://www.seielect.com/catalog/sei-rmcf_rmcp.pdf","https://www.digikey.ca/en/products/detail/stackpole-electronics-inc/RMCF0805FT2K70/1760308","RMCF0805FT2K70","","",""
"","","R19","200R","Device:R_US","Resistor_SMD:R_0805_2012Metric_Pad1.20x1.40mm_HandSolder","~","","","","",""
"","","RV1","22K","Device:R_Potentiometer_US","Potentiometer_THT:PC16SH-10IP06-223A2020-TA","https://www.piher.net/pdf/20-PC16v03.pdf","https://www.digikey.ca/en/products/detail/amphenol-piher-sensing-systems/PC16SH-10IP06-223A2020-TA/16028525?s=N4IgTCBcDaIIwE4EGYC0AFAwnAbAZQAlU4AGASXRJ1TDGQEEwSnUAVe1AOQBEQBdAL5A","PC16SH-10IP06-223A2020-TA","","",""
"","","RV2","5K","Device:R_Potentiometer_US","Potentiometer_THT:Potentiometer Custom Vertical","~","","","","",""
"","","U1","LDL1117S50R","Regulator_Linear:LDL1117S50R","Package_TO_SOT_SMD:SOT-223-3_TabPin2","https://www.st.com/content/ccc/resource/technical/document/datasheet/group3/0e/5a/00/ca/10/1a/4f/a5/DM00366442/files/DM00366442.pdf/jcr:content/translations/en.DM00366442.pdf","https://www.digikey.ca/en/products/detail/stmicroelectronics/LDL1117S50R/7102072?s=N4IgTCBcDaIDYBM4EZUHYDOBWADAJxAF0BfIA","LDL1117S50R","","",""
"","","U2","TLC555CPWR","Timer:TLC555CPWR","Package_SO:TSSOP-14_4.4x5mm_P0.65mm","http://www.ti.com/lit/ds/symlink/lm555.pdf","https://www.digikey.ca/en/products/detail/texas-instruments/TLC555CPWR/381096","TLC555CPWR","","",""
"","","U3","MCP73844T-820I/MS","Battery_Management:MCP73844T-820I{slash}MS","Package_SO:MSOP-8_3x3mm_P0.65mm","https://ww1.microchip.com/downloads/aemDocuments/documents/APID/ProductDocuments/DataSheets/21823D.pdf","https://www.digikey.ca/en/products/detail/microchip-technology/MCP73844T-820I-MS/593752","MCP73844T-820I/MS","","",""
"","","U4","AP9101CK6","Battery_Management:AP9101CK6","Package_TO_SOT_SMD:SOT-23-6","https://www.diodes.com/assets/Datasheets/AP9101C.pdf","","AP9101CK6","","",""
"","","U5","AP9101CK6","Battery_Management:AP9101CK6","Package_TO_SOT_SMD:SOT-23-6","https://www.diodes.com/assets/Datasheets/AP9101C.pdf","","AP9101CK6","","",""
"","","U6","BQ29209DRBR","My_library:BQ29209DRBR","My_footprints:BQ29209DRBR","https://www.ti.com/lit/ds/symlink/bq29209.pdf?HQS=dis-dk-null-digikeymode-dsf-pf-null-wwe&ts=1667434051714&ref_url=https%253A%252F%252Fwww.ti.com%252Fgeneral%252Fdocs%252Fsuppproductinfo.tsp%253FdistId%253D10%2526gotoUrl%253Dhttps%253A%252F%252Fwww.ti.com%252Flit%252Fgpn%252Fbq29209","https://www.digikey.ca/en/products/detail/texas-instruments/BQ29209DRBR/2350205?s=N4IgTCBcDaIEIEUwE4wAZkBEBKdsgF0BfIA","BQ29209DRBR","","",""
"","","U7","TL5001CDR","Regulator_Switching:TL5001CDR","Package_SO:SOIC-8_3.9x4.9mm_P1.27mm","https://www.ti.com/lit/ds/symlink/tl5001.pdf?ts=1668882726896&ref_url=https%253A%252F%252Fwww.ti.com%252Fproduct%252FTL5001%253Futm_source%253Dgoogle%2526utm_medium%253Dcpc%2526utm_campaign%253Dapp-null-null-GPN_EN-cpc-pf-google-wwe%2526utm_content%253DTL5001%2526ds_k%253DTL5001%2526DCM%253Dyes%2526gclid%253DEAIaIQobChMI15qGr-a6-wIV4ZJbCh1-CgFZEAMYASAAEgK5J_D_BwE%2526gclsrc%253Daw.ds","https://www.digikey.ca/en/products/detail/texas-instruments/TL5001CDR/276937","LT5001CDR","","",""



"Collated Components:"

"Item","Qty","Reference(s)","Value","LibPart","Footprint","Datasheet","Digikey link","Part number","Spice_Model","Spice_Netlist_Enabled","Spice_Primitive"
"1","2","C1, C16","1uF","Device:C","Capacitor_SMD:C_0805_2012Metric_Pad1.18x1.45mm_HandSolder","https://media.digikey.com/pdf/Data%20Sheets/Samsung%20PDFs/CL21B105KAFNNNE_Spec.pdf","https://www.digikey.ca/en/products/detail/samsung-electro-mechanics/CL21B105KAFNNNE/3886724","CL21B105KAFNNNE","","",""
"2","1","C2","4.7uF","Device:C","Capacitor_SMD:C_0805_2012Metric_Pad1.18x1.45mm_HandSolder","https://media.digikey.com/pdf/Data%20Sheets/Samsung%20PDFs/CL21A475KAQNNNG_DS.pdf","https://www.digikey.ca/en/products/detail/samsung-electro-mechanics/CL21A475KAQNNNG/3894439","CL21A475KAQNNNG","","",""
"3","1","C3","1nF","Device:C","Capacitor_SMD:C_0805_2012Metric_Pad1.18x1.45mm_HandSolder","https://datasheets.kyocera-avx.com/X7RDielectric.pdf","https://www.digikey.ca/en/products/detail/kyocera-avx/08055C102KAT2A/563481","08055C102KAT2A","","",""
"4","10","C4, C5, C7, C8, C9, C10, C11, C13, C14, C15","100nF","Device:C","Capacitor_SMD:C_0805_2012Metric_Pad1.18x1.45mm_HandSolder","https://www.seielect.com/Catalog/SEI-CML.PDF","https://www.digikey.ca/en/products/detail/stackpole-electronics-inc/CML0805Y5V104ZT50V/10660028","CML0805Y5V104ZT50V","","",""
"5","1","C6","10uF","Device:C_Polarized_Small_US","Capacitor_SMD:C_0805_2012Metric_Pad1.18x1.45mm_HandSolder","https://search.murata.co.jp/Ceramy/image/img/A01X/G101/ENG/GRM21BR61H106KE43-01A.pdf","https://www.digikey.ca/en/products/detail/murata-electronics/GRM21BR61H106KE43K/15191954","GRM21BR61H106KE43K","","",""
"6","1","C12","330nF","Device:C","Capacitor_SMD:C_0805_2012Metric_Pad1.18x1.45mm_HandSolder","https://www.we-online.com/katalog/datasheet/885012207101.pdf","https://www.digikey.ca/en/products/detail/w%C3%BCrth-elektronik/885012207101/5453531","885012207101","","",""
"7","1","C17","15nF","Device:C","Capacitor_SMD:C_0805_2012Metric_Pad1.18x1.45mm_HandSolder","https://www.we-online.com/katalog/datasheet/885012207123.pdf","https://www.digikey.ca/en/products/detail/w%C3%BCrth-elektronik/885012207123/9346001","885012207123","","",""
"8","1","C18","120pF","Device:C","Capacitor_SMD:C_0805_2012Metric_Pad1.18x1.45mm_HandSolder","~","","","","",""
"9","1","C19","10nF","Device:C","Capacitor_SMD:C_0805_2012Metric_Pad1.18x1.45mm_HandSolder","~","","","","",""
"10","1","C20","180uF","Device:C_Polarized_Small_US","Capacitor_THT:CP_Radial_D8.0mm_P3.50mm","~","","","","",""
"11","1","D1","Green","Device:LED","LED_THT:LED_D3.0mm","~","","","","",""
"12","2","D3, D4","RB520S30T5G","Diode:1N4001","Diode_SMD:D_SOD-523","https://www.onsemi.com/pdf/datasheet/rb520s30t1-d.pdf","https://www.digikey.ca/en/products/detail/onsemi/RB520S30T5G/2797277","RB520S30T5G","RB520S30T5G","Y","D"
"13","1","D5","Yellow","LED:CQY99","LED_THT:LED_D3.0mm","https://www.prtice.info/IMG/pdf/CQY99.pdf","","","","",""
"14","1","D6","CRS05(TE85L,Q,M)","Device:D_Schottky","Diode_SMD:CRS05(TE85L,Q,M)","https://toshiba.semicon-storage.com/info/CRS05_datasheet_en_20190401.pdf?did=3163&prodName=CRS05","https://www.digikey.ca/en/products/detail/toshiba-semiconductor-and-storage/CRS05-TE85L-Q-M/871558","CRS05(TE85L,Q,M)","","",""
"15","3","J1, J3, J6","0039301020","Connector_Generic:Conn_01x02","Connector_Molex:Molex_Mini-Fit_Jr_5569-02A2_2x01_P4.20mm_Horizontal","https://www.molex.com/pdm_docs/ps/PS-5556-001.pdf","https://www.digikey.ca/en/products/detail/molex/0039301020/561078?s=N4IgTCBcDaIMwE44AYCMyzJAXQL5A","0039301020","","",""
"16","1","J2","B3B-XH-AM(LF)(SN)","Connector_Generic:Conn_01x03","Connector_JST:JST_EH_B3B-EH-A_1x03_P2.50mm_Vertical","https://www.jst-mfg.com/product/pdf/eng/eXH.pdf","https://www.digikey.ca/en/products/detail/jst-sales-america-inc/B3B-XH-AM-LF-SN/1651029","B3B-XH-AM(LF)(SN)","","",""
"17","1","J4","0470531000","Connector_Generic:Conn_01x04","Connector:FanPinHeader_1x04_P2.54mm_Vertical","https://www.molex.com/pdm_docs/sd/470531000_sd.pdf","https://www.digikey.ca/en/products/detail/molex/0470531000/2421261?s=N4IgTCBcDaIAwBYDscCsBmAjHHIC6AvkA","","","",""
"18","1","J5","4pin JST","Connector_Generic:Conn_01x04","Connector_JST:JST_EH_B4B-EH-A_1x04_P2.50mm_Vertical","~","","","","",""
"19","1","L1","100uH","pspice:INDUCTOR","Inductor_SMD:74404063101","https://www.we-online.com/katalog/datasheet/74404063101.pdf","https://www.digikey.ca/en/products/detail/w%C3%BCrth-elektronik/74404063101/4865679?s=N4IgTCBcDaIOwBYEAYUDYDMBGZWQF0BfIA","74404063101","","",""
"20","1","Q1","SI2301-TP","Transistor_FET:SI2301-TP","Package_TO_SOT_SMD:SOT-323_SC-70","https://www.mccsemi.com/pdf/Products/SI2301(SOT-23).pdf","https://www.digikey.ca/en/products/detail/micro-commercial-co/SI2301-TP/1793242","SI2301-TP","","",""
"21","6","Q2, Q3, Q4, Q5, Q6, Q7","SI2102A-TP","Transistor_FET:SI2102A-TP","Package_TO_SOT_SMD:SOT-323_SC-70","https://www.mccsemi.com/pdf/Products/SI2102A(SOT-323).pdf","https://www.digikey.ca/en/products/detail/micro-commercial-co/SI2102A-TP/15277502?s=N4IgTCBcDaIMoEkwEYAMYCCBaAKgBRAF0BfIA","SI2102A-TP","","",""
"22","1","R1","510","Device:R_US","Resistor_SMD:R_0805_2012Metric_Pad1.20x1.40mm_HandSolder","~","","","","",""
"23","3","R2, R15, R16","10K","Device:R_US","Resistor_SMD:R_0805_2012Metric_Pad1.20x1.40mm_HandSolder","https://www.seielect.com/catalog/sei-rncp.pdf","https://www.digikey.ca/en/products/detail/stackpole-electronics-inc/RNCP0805FTD10K0/2240262","RNCP0805FTD10K0","","",""
"24","1","R3","0R110","Device:R_US","Resistor_SMD:R_0805_2012Metric_Pad1.20x1.40mm_HandSolder","https://industrial.panasonic.com/cdbs/www-data/pdf/RDN0000/AOA0000C313.pdf","https://www.digikey.ca/en/products/detail/panasonic-electronic-components/ERJ-6BSFR11V/5647600","ERJ-6BSFR11V","","",""
"25","2","R4, R5","330","Device:R_US","Resistor_SMD:R_0805_2012Metric_Pad1.20x1.40mm_HandSolder","https://www.seielect.com/catalog/sei-rmcf_rmcp.pdf","https://www.digikey.ca/en/products/detail/stackpole-electronics-inc/RMCF0805FT330R/1760484","RMCF0805FT330R","","",""
"26","2","R6, R7","261","Device:R_US","Resistor_SMD:R_0805_2012Metric_Pad1.20x1.40mm_HandSolder","https://www.seielect.com/catalog/sei-rmcf_rmcp.pdf","https://www.digikey.ca/en/products/detail/stackpole-electronics-inc/RMCF0805FG261R/1712914","RMCF0805FG261R","","",""
"27","1","R8","442","Device:R_US","Resistor_SMD:R_0805_2012Metric_Pad1.20x1.40mm_HandSolder","https://www.seielect.com/catalog/sei-rmcf_rmcp.pdf","https://www.digikey.ca/en/products/detail/stackpole-electronics-inc/RMCF0805FT442R/1760521","RMCF0805FT442R","","",""
"28","3","R9, R10, R18","2K7","Device:R_US","Resistor_SMD:R_0805_2012Metric_Pad1.20x1.40mm_HandSolder","https://www.seielect.com/catalog/sei-rmcf_rmcp.pdf","https://www.digikey.ca/en/products/detail/stackpole-electronics-inc/RMCF0805FT2K70/1760308","RMCF0805FT2K70","","",""
"29","1","R11","100","Device:R_US","Resistor_SMD:R_0805_2012Metric_Pad1.20x1.40mm_HandSolder","https://www.seielect.com/catalog/sei-rmcf_rmcp.pdf","https://www.digikey.ca/en/products/detail/stackpole-electronics-inc/RMCF0805FT100R/1760711","RMCF0805FT100R","","",""
"30","1","R12","113K","Device:R_US","Resistor_SMD:R_0805_2012Metric_Pad1.20x1.40mm_HandSolder","https://www.seielect.com/catalog/sei-rmcf_rmcp.pdf","https://www.digikey.ca/en/products/detail/stackpole-electronics-inc/RMCF0201FT113K/5965944","RMCF0201FT113K","","",""
"31","1","R13","100K","Device:R_US","Resistor_SMD:R_0805_2012Metric_Pad1.20x1.40mm_HandSolder","~","","","","",""
"32","1","R14","12K","Device:R_US","Resistor_SMD:R_0805_2012Metric_Pad1.20x1.40mm_HandSolder","~","","","","",""
"33","1","R17","27K","Device:R_US","Resistor_SMD:R_0805_2012Metric_Pad1.20x1.40mm_HandSolder","~","","","","",""
"34","1","R19","200R","Device:R_US","Resistor_SMD:R_0805_2012Metric_Pad1.20x1.40mm_HandSolder","~","","","","",""
"35","1","RV1","22K","Device:R_Potentiometer_US","Potentiometer_THT:PC16SH-10IP06-223A2020-TA","https://www.piher.net/pdf/20-PC16v03.pdf","https://www.digikey.ca/en/products/detail/amphenol-piher-sensing-systems/PC16SH-10IP06-223A2020-TA/16028525?s=N4IgTCBcDaIIwE4EGYC0AFAwnAbAZQAlU4AGASXRJ1TDGQEEwSnUAVe1AOQBEQBdAL5A","PC16SH-10IP06-223A2020-TA","","",""
"36","1","RV2","5K","Device:R_Potentiometer_US","Potentiometer_THT:Potentiometer Custom Vertical","~","","","","",""
"37","1","U1","LDL1117S50R","Regulator_Linear:LDL1117S50R","Package_TO_SOT_SMD:SOT-223-3_TabPin2","https://www.st.com/content/ccc/resource/technical/document/datasheet/group3/0e/5a/00/ca/10/1a/4f/a5/DM00366442/files/DM00366442.pdf/jcr:content/translations/en.DM00366442.pdf","https://www.digikey.ca/en/products/detail/stmicroelectronics/LDL1117S50R/7102072?s=N4IgTCBcDaIDYBM4EZUHYDOBWADAJxAF0BfIA","LDL1117S50R","","",""
"38","1","U2","TLC555CPWR","Timer:TLC555CPWR","Package_SO:TSSOP-14_4.4x5mm_P0.65mm","http://www.ti.com/lit/ds/symlink/lm555.pdf","https://www.digikey.ca/en/products/detail/texas-instruments/TLC555CPWR/381096","TLC555CPWR","","",""
"39","1","U3","MCP73844T-820I/MS","Battery_Management:MCP73844T-820I{slash}MS","Package_SO:MSOP-8_3x3mm_P0.65mm","https://ww1.microchip.com/downloads/aemDocuments/documents/APID/ProductDocuments/DataSheets/21823D.pdf","https://www.digikey.ca/en/products/detail/microchip-technology/MCP73844T-820I-MS/593752","MCP73844T-820I/MS","","",""
"40","2","U4, U5","AP9101CK6","Battery_Management:AP9101CK6","Package_TO_SOT_SMD:SOT-23-6","https://www.diodes.com/assets/Datasheets/AP9101C.pdf","","AP9101CK6","","",""
"41","1","U6","BQ29209DRBR","My_library:BQ29209DRBR","My_footprints:BQ29209DRBR","https://www.ti.com/lit/ds/symlink/bq29209.pdf?HQS=dis-dk-null-digikeymode-dsf-pf-null-wwe&ts=1667434051714&ref_url=https%253A%252F%252Fwww.ti.com%252Fgeneral%252Fdocs%252Fsuppproductinfo.tsp%253FdistId%253D10%2526gotoUrl%253Dhttps%253A%252F%252Fwww.ti.com%252Flit%252Fgpn%252Fbq29209","https://www.digikey.ca/en/products/detail/texas-instruments/BQ29209DRBR/2350205?s=N4IgTCBcDaIEIEUwE4wAZkBEBKdsgF0BfIA","BQ29209DRBR","","",""
"42","1","U7","TL5001CDR","Regulator_Switching:TL5001CDR","Package_SO:SOIC-8_3.9x4.9mm_P1.27mm","https://www.ti.com/lit/ds/symlink/tl5001.pdf?ts=1668882726896&ref_url=https%253A%252F%252Fwww.ti.com%252Fproduct%252FTL5001%253Futm_source%253Dgoogle%2526utm_medium%253Dcpc%2526utm_campaign%253Dapp-null-null-GPN_EN-cpc-pf-google-wwe%2526utm_content%253DTL5001%2526ds_k%253DTL5001%2526DCM%253Dyes%2526gclid%253DEAIaIQobChMI15qGr-a6-wIV4ZJbCh1-CgFZEAMYASAAEgK5J_D_BwE%2526gclsrc%253Daw.ds","https://www.digikey.ca/en/products/detail/texas-instruments/TL5001CDR/276937","LT5001CDR","","",""
